algorithm,profile,lags,horizon,model_variant,avg_inference_time_ms,avg_total_time_ms,avg_cpu_percent,avg_ram_percent,model_size_mb,run_id
light_xgboost,edge,1,1,model.joblib,3.881495987900059,34.35333783469963,25.071629754438177,72.24745762711862,0.1724,20250825_222025
light_xgboost,edge,1,4,model.joblib,,,,,0.6854,20250825_222025
light_xgboost,edge,1,7,model.joblib,,,,,1.2024,20250825_222025
light_xgboost,edge,1,10,model.joblib,,,,,1.7079,20250825_222025
light_xgboost,edge,1,13,model.joblib,,,,,2.2245,20250825_222025
light_xgboost,edge,1,16,model.joblib,,,,,2.7333,20250825_222025
light_xgboost,edge,4,1,model.joblib,,,,,0.1765,20250825_222025
light_xgboost,edge,4,4,model.joblib,,,,,0.6994,20250825_222025
light_xgboost,edge,4,7,model.joblib,,,,,1.2078,20250825_222025
light_xgboost,edge,4,10,model.joblib,,,,,1.7296,20250825_222025
light_xgboost,edge,4,13,model.joblib,,,,,2.2519,20250825_222025
light_xgboost,edge,4,16,model.joblib,,,,,2.7844,20250825_222025
light_xgboost,edge,7,1,model.joblib,,,,,0.1767,20250825_222025
light_xgboost,edge,7,4,model.joblib,,,,,0.6951,20250825_222025
light_xgboost,edge,7,7,model.joblib,,,,,1.2168,20250825_222025
light_xgboost,edge,7,10,model.joblib,,,,,1.7349,20250825_222025
light_xgboost,edge,7,13,model.joblib,,,,,2.2688,20250825_222025
light_xgboost,edge,7,16,model.joblib,,,,,2.7808,20250825_222025
light_xgboost,edge,10,1,model.joblib,,,,,0.1764,20250825_222025
light_xgboost,edge,10,4,model.joblib,,,,,0.7061,20250825_222025
light_xgboost,edge,10,7,model.joblib,,,,,1.229,20250825_222025
light_xgboost,edge,10,10,model.joblib,,,,,1.7619,20250825_222025
light_xgboost,edge,10,13,model.joblib,,,,,2.2828,20250825_222025
light_xgboost,edge,10,16,model.joblib,,,,,2.8243,20250825_222025
light_xgboost,edge,13,1,model.joblib,,,,,0.1789,20250825_222025
light_xgboost,edge,13,4,model.joblib,,,,,0.7085,20250825_222025
light_xgboost,edge,13,7,model.joblib,,,,,1.2393,20250825_222025
light_xgboost,edge,13,10,model.joblib,,,,,1.7608,20250825_222025
light_xgboost,edge,13,13,model.joblib,,,,,2.3038,20250825_222025
light_xgboost,edge,13,16,model.joblib,,,,,2.829,20250825_222025
light_xgboost,edge,16,1,model.joblib,,,,,0.179,20250825_222025
light_xgboost,edge,16,4,model.joblib,,,,,0.7115,20250825_222025
light_xgboost,edge,16,7,model.joblib,,,,,1.2342,20250825_222025
light_xgboost,edge,16,10,model.joblib,,,,,1.7763,20250825_222025
light_xgboost,edge,16,13,model.joblib,,,,,2.2974,20250825_222025
light_xgboost,edge,16,16,model.joblib,,,,,2.8304,20250825_222025
lstm,edge,1,1,model_quant_float16.tflite,1.227232173952257,35.57643928896568,23.989808433415476,57.67966101694914,0.1438,2025-08-25_231001_3027_train
lstm,edge,1,4,model_quant_float16.tflite,1.2097198451900846,34.93549724077896,24.40153675234468,55.58135593220341,0.1454,2025-08-25_231230_2097_train
lstm,edge,1,7,model_quant_float16.tflite,1.2746612613634811,34.652870767986585,24.231200970371635,55.800000000000004,0.147,2025-08-25_231513_8980_train
lstm,edge,1,10,model_quant_float16.tflite,1.2322866943953432,35.01531427284161,24.358031916324173,48.71186440677965,0.1485,2025-08-25_231807_3058_train
lstm,edge,1,13,model_quant_float16.tflite,1.221727559760419,35.089192627850174,23.963973369382835,54.4,0.1501,2025-08-25_232115_8265_train
lstm,edge,1,16,model_quant_float16.tflite,1.283320859235112,34.78736483681374,23.77955215743612,57.35762711864407,0.1517,2025-08-25_232411_9555_train
lstm,edge,4,1,model_quant_float16.tflite,1.582884641650731,42.92568428670315,24.209807068150507,55.98301886792453,0.1562,2025-08-25_232706_5707_train
lstm,edge,4,4,model_quant_float16.tflite,1.5629176811601193,42.67413949347887,24.432513011656777,53.954716981132066,0.1577,2025-08-25_232959_4120_train
lstm,edge,4,7,model_quant_float16.tflite,1.7319116651868098,43.38707583341391,24.5003414530622,58.02641509433962,0.1593,2025-08-25_233307_1332_train
lstm,edge,4,10,model_quant_float16.tflite,1.7158830350336036,43.98354176730616,24.78933539762059,52.31509433962265,0.1609,2025-08-25_233612_2140_train
lstm,edge,4,13,model_quant_float16.tflite,1.501992497091639,43.56703350215022,26.036444816459454,45.84339622641508,0.1625,2025-08-25_233919_8179_train
lstm,edge,4,16,model_quant_float16.tflite,1.6726156239970504,42.684864845864844,24.111350229598614,51.29622641509435,0.1641,2025-08-25_234226_5673_train
lstm,edge,7,1,model_quant_float16.tflite,2.1130289153559807,52.76662419906794,24.72736387267609,54.751063829787235,0.1685,2025-08-25_234538_2199_train
lstm,edge,7,4,model_quant_float16.tflite,2.0150536995218693,55.3934274271051,24.71698454733623,52.687234042553165,0.1701,2025-08-25_234857_5680_train
lstm,edge,7,7,model_quant_float16.tflite,1.8516507242684301,51.14452077690112,25.01601249266653,48.92765957446808,0.1717,2025-08-25_235251_4302_train
lstm,edge,7,10,model_quant_float16.tflite,2.0502172663564346,52.815483367823504,25.2278777560187,52.51063829787234,0.1733,2025-08-25_235613_5902_train
lstm,edge,7,13,model_quant_float16.tflite,1.9813982375046606,53.087370207612466,25.262116853887992,54.30212765957445,0.1749,2025-08-25_235937_7253_train
lstm,edge,7,16,model_quant_float16.tflite,1.9753991433864309,52.73683485079631,24.58246770677901,52.48085106382982,0.1764,2025-08-26_000258_1721_train
lstm,edge,10,1,model_quant_float16.tflite,2.4267912143840853,62.4183511259261,24.867707509365772,53.71219512195122,0.1809,2025-08-26_000650_9303_train
lstm,edge,10,4,model_quant_float16.tflite,2.37616754020559,63.073440205033194,24.98566681375756,50.658536585365866,0.1825,2025-08-26_001028_1567_train
lstm,edge,10,7,model_quant_float16.tflite,2.403052104636975,60.81198104770803,24.64370432728302,57.03658536585366,0.1841,2025-08-26_001359_9141_train
lstm,edge,10,10,model_quant_float16.tflite,2.3581322515382874,60.31538032154298,24.93596575122844,53.90975609756097,0.1856,2025-08-26_001749_9051_train
lstm,edge,10,13,model_quant_float16.tflite,2.1898503066040123,61.55730054214048,24.92505192206879,48.46829268292682,0.1872,2025-08-26_002115_4368_train
lstm,edge,10,16,model_quant_float16.tflite,2.1992415946442128,62.35507074402777,24.723672036931635,52.38780487804877,0.1888,2025-08-26_002446_6146_train
lstm,edge,13,1,model_quant_float16.tflite,2.7664693702450087,70.44785076619254,25.209062962256375,53.62857142857142,0.1933,2025-08-26_002819_9135_train
lstm,edge,13,4,model_quant_float16.tflite,2.5628363467094943,71.8726314205144,25.57525222391431,51.71714285714286,0.1948,2025-08-26_003151_9619_train
lstm,edge,13,7,model_quant_float16.tflite,2.5725551565889355,71.52789172583388,25.332024460834095,53.28285714285716,0.1964,2025-08-26_003534_4581_train
lstm,edge,13,10,model_quant_float16.tflite,2.4983701433109355,71.23633376987914,24.65516032754687,52.325714285714284,0.198,2025-08-26_003929_3901_train
lstm,edge,13,13,model_quant_float16.tflite,2.559482030953938,70.78432563160142,25.512123764764024,52.62857142857142,0.1996,2025-08-26_004311_4826_train
lstm,edge,13,16,model_quant_float16.tflite,2.7499312384272647,70.51941886145086,24.67303231433486,54.55142857142857,0.2012,2025-08-26_004655_5601_train
lstm,edge,16,1,model_quant_float16.tflite,3.160652929052122,82.21291472075568,24.726956807819956,52.703448275862065,0.2056,2025-08-26_005037_2032_train
lstm,edge,16,4,model_quant_float16.tflite,3.2119403393672505,80.97800748936572,25.997358913100378,53.71724137931034,0.2072,2025-08-26_005416_6209_train
lstm,edge,16,7,model_quant_float16.tflite,3.0663645593448896,81.20886791208434,24.64499082254121,52.013793103448265,0.2088,2025-08-26_005755_4532_train
lstm,edge,16,10,model_quant_float16.tflite,2.8954206749663425,82.71870394397908,25.13074705820907,50.86206896551726,0.2104,2025-08-26_010148_1364_train
lstm,edge,16,13,model_quant_float16.tflite,3.2634661266845857,81.03458184331394,24.485658915647637,52.531034482758606,0.2119,2025-08-26_010545_4394_train
lstm,edge,16,16,model_quant_float16.tflite,2.884381001682104,81.77819726828098,25.653951589869706,50.1,0.2135,2025-08-26_010936_5873_train
cnn1d,edge,1,1,model_quant_float16.tflite,0.3138424282700328,34.93026804999776,24.999344738625485,72.79830508474576,0.0762,2025-08-26_011414_5239_train
cnn1d,edge,1,4,model_quant_float16.tflite,0.29241502012023796,33.628558799213984,22.03700150173086,57.1779661016949,0.0772,2025-08-26_011557_2881_train
cnn1d,edge,1,7,model_quant_float16.tflite,0.29454505119211033,34.210468137289446,24.476426742924254,58.08983050847458,0.0781,2025-08-26_011744_8753_train
cnn1d,edge,1,10,model_quant_float16.tflite,0.31910344540811547,33.9536559018227,24.742563253814875,62.132203389830515,0.079,2025-08-26_011939_6130_train
cnn1d,edge,1,13,model_quant_float16.tflite,0.30327457452894657,33.72401321085829,24.54158432392361,62.894915254237276,0.08,2025-08-26_012125_4605_train
cnn1d,edge,1,16,model_quant_float16.tflite,0.3003806943587173,33.830829485619425,23.85980600990175,64.17966101694915,0.0809,2025-08-26_012309_4157_train
cnn1d,edge,4,1,model_quant_float16.tflite,0.3806116784779038,42.7968364586737,24.982989526147048,61.37735849056603,0.0908,2025-08-26_012507_2185_train
cnn1d,edge,4,4,model_quant_float16.tflite,0.347104689213752,42.535839198192285,24.144073877390646,62.405660377358494,0.0918,2025-08-26_012653_3728_train
cnn1d,edge,4,7,model_quant_float16.tflite,0.3195455199321904,42.54451179701197,24.57060657368739,59.84528301886794,0.0927,2025-08-26_012852_6345_train
cnn1d,edge,4,10,model_quant_float16.tflite,0.3293019791061558,43.44201355926548,24.737020323556408,62.6547169811321,0.0936,2025-08-26_013049_5283_train
cnn1d,edge,4,13,model_quant_float16.tflite,0.36756642825466335,42.16136600172039,24.805440647139363,65.90943396226413,0.0945,2025-08-26_013237_1481_train
cnn1d,edge,4,16,model_quant_float16.tflite,0.39349548303732496,42.34898881108128,24.69671446558639,57.26981132075471,0.0955,2025-08-26_013436_6368_train
cnn1d,edge,7,1,model_quant_float16.tflite,0.4321383008651892,51.384271122515166,25.260485333185553,70.74255319148939,0.1054,2025-08-26_013633_6490_train
cnn1d,edge,7,4,model_quant_float16.tflite,0.34929506237734564,51.680680820123904,24.862939155340985,57.45531914893617,0.1063,2025-08-26_013838_8242_train
cnn1d,edge,7,7,model_quant_float16.tflite,0.39299104220998465,52.25243396621115,24.693119502103603,60.22553191489364,0.1072,2025-08-26_014035_6792_train
cnn1d,edge,7,10,model_quant_float16.tflite,0.3841810495308696,50.44384609333216,24.80936737462355,62.2489361702128,0.1082,2025-08-26_014243_9825_train
cnn1d,edge,7,13,model_quant_float16.tflite,0.35170528976971305,50.993639559663315,24.52199614523555,63.27021276595748,0.1091,2025-08-26_014444_7486_train
cnn1d,edge,7,16,model_quant_float16.tflite,0.39640533150695206,51.583693565880004,24.357968263852438,59.07021276595747,0.11,2025-08-26_014638_5559_train
cnn1d,edge,10,1,model_quant_float16.tflite,0.386679649818635,61.736129979580234,25.127005323847992,62.458536585365856,0.12,2025-08-26_014842_4631_train
cnn1d,edge,10,4,model_quant_float16.tflite,0.35224721068511755,60.65708557257379,25.166703994851616,59.048780487804876,0.1209,2025-08-26_015044_1804_train
cnn1d,edge,10,7,model_quant_float16.tflite,0.41661750874477255,59.41728295803791,24.99928186666151,61.62682926829268,0.1218,2025-08-26_015312_2401_train
cnn1d,edge,10,10,model_quant_float16.tflite,0.34225109848188007,60.621730949184474,24.711821391754807,61.26829268292683,0.1227,2025-08-26_015518_4444_train
cnn1d,edge,10,13,model_quant_float16.tflite,0.3903315053320975,60.94924935775736,24.508480988187625,60.90487804878049,0.1237,2025-08-26_015715_7234_train
cnn1d,edge,10,16,model_quant_float16.tflite,0.36941597354592753,60.46073183576322,24.747836813387792,63.08780487804878,0.1246,2025-08-26_015924_8517_train
cnn1d,edge,13,1,model_quant_float16.tflite,0.495116062024003,69.25864368677134,24.780917478189338,64.30000000000001,0.1345,2025-08-26_020128_9024_train
cnn1d,edge,13,4,model_quant_float16.tflite,0.3995287081445382,69.61285346187647,24.657127910683993,58.18571428571429,0.1354,2025-08-26_020340_6908_train
cnn1d,edge,13,7,model_quant_float16.tflite,0.3766002722412677,69.77155087515708,24.698525324712648,63.9,0.1364,2025-08-26_020552_5860_train
cnn1d,edge,13,10,model_quant_float16.tflite,0.3726666875402206,69.47239857566139,25.35200391413401,60.99714285714286,0.1373,2025-08-26_020804_9710_train
cnn1d,edge,13,13,model_quant_float16.tflite,0.38098091232200887,68.57046441707222,24.642792330158102,61.6,0.1382,2025-08-26_021017_1897_train
cnn1d,edge,13,16,model_quant_float16.tflite,0.4386306630775618,70.00546179977906,24.36092028201688,55.720000000000006,0.1391,2025-08-26_021236_2036_train
cnn1d,edge,16,1,model_quant_float16.tflite,0.35566181343576436,80.22199778271644,25.30215025857539,63.70689655172416,0.1491,2025-08-26_021452_3104_train
cnn1d,edge,16,4,model_quant_float16.tflite,0.36235697500935,77.89975331678727,23.93313815993587,59.40000000000001,0.15,2025-08-26_021703_4935_train
cnn1d,edge,16,7,model_quant_float16.tflite,0.3945491625926893,79.36758214832632,25.14430702031242,61.5,0.1509,2025-08-26_021909_4617_train
cnn1d,edge,16,10,model_quant_float16.tflite,0.37417362909758206,79.60706974122799,25.572512763482845,57.341379310344834,0.1518,2025-08-26_022139_9932_train
cnn1d,edge,16,13,model_quant_float16.tflite,0.3969599077078464,80.2998859355033,24.219774276200827,64.90344827586208,0.1528,2025-08-26_022358_9982_train
cnn1d,edge,16,16,model_quant_float16.tflite,0.41657513273609637,80.69011841194124,24.72855495185563,57.41034482758623,0.1537,2025-08-26_022622_1330_train
random_forest,edge,1,1,model.joblib,34.128531299788335,65.3357161130061,26.262944392654617,70.98474576271187,0.2713,2025-08-26_022906_9637_train
random_forest,edge,1,4,model.joblib,139.982011891773,171.91448119090143,27.955854034265496,56.41525423728814,1.0917,2025-08-26_023027_7608_train
random_forest,edge,1,7,model.joblib,239.24413595171967,270.39297693409026,28.021298454250896,48.19999999999999,1.8944,2025-08-26_023204_9367_train
random_forest,edge,1,10,model.joblib,344.0190640334361,375.66900692911724,28.33212923500199,70.36610169491526,2.677,2025-08-26_023341_5014_train
random_forest,edge,1,13,model.joblib,447.68693569469553,478.9741790490383,28.54354342169736,70.80000000000001,3.5018,2025-08-26_023536_4828_train
random_forest,edge,1,16,model.joblib,563.0862214321527,594.9812200812275,28.479520308437184,72.57966101694915,4.3296,2025-08-26_023735_3353_train
random_forest,edge,4,1,model.joblib,34.07966058531942,73.77432675483365,26.519865599792052,48.591071428571425,0.2979,2025-08-26_023944_4736_train
random_forest,edge,4,4,model.joblib,138.23807900771496,178.6122791402574,27.631822159584228,49.699999999999996,1.1626,2025-08-26_024109_5879_train
random_forest,edge,4,7,model.joblib,246.27769766798752,285.5630317145759,28.135963714597555,50.89999999999999,1.9681,2025-08-26_024244_7856_train
random_forest,edge,4,10,model.joblib,351.01972497915,390.2467493649705,28.22374062420625,52.0,2.7527,2025-08-26_024433_9128_train
random_forest,edge,4,13,model.joblib,446.66146975941956,485.95374610158615,28.324622807545875,70.54107142857143,3.6117,2025-08-26_024636_4915_train
random_forest,edge,4,16,model.joblib,557.0088529747657,596.2411607532496,28.57291041114774,61.5,4.4791,2025-08-26_024906_6409_train
random_forest,edge,7,1,model.joblib,33.50207265555998,81.28606063261063,25.97698143579429,52.09245283018867,0.2992,2025-08-26_025146_8253_train
random_forest,edge,7,4,model.joblib,136.30580212562703,184.9865909964549,27.497332814036465,53.099999999999994,1.1286,2025-08-26_025309_9710_train
random_forest,edge,7,7,model.joblib,241.02594153149624,288.7501022207357,28.178190697828516,53.68301886792451,1.9131,2025-08-26_025449_5136_train
random_forest,edge,7,10,model.joblib,342.31423079752574,389.94466734804075,28.220959749294558,71.32641509433962,2.6912,2025-08-26_025648_3552_train
random_forest,edge,7,13,model.joblib,448.2693958740968,495.27315993107993,28.235455894909013,68.00188679245281,3.5674,2025-08-26_025915_9716_train
random_forest,edge,7,16,model.joblib,551.4888271080474,600.1410461514134,28.51033938736313,71.1,4.4203,2025-08-26_030158_6801_train
random_forest,edge,10,1,model.joblib,32.46401778745404,87.58918822277333,25.803161663500262,58.966,0.2733,2025-08-26_030503_5302_train
random_forest,edge,10,4,model.joblib,138.16740263101394,195.1543217245489,27.51015690583344,51.18,1.0655,2025-08-26_030631_9276_train
random_forest,edge,10,7,model.joblib,243.17061759018316,299.4193413807079,27.8873101023732,50.55,1.8395,2025-08-26_030819_2413_train
random_forest,edge,10,10,model.joblib,348.7077028519113,405.0774748483673,28.130071824734344,50.6,2.654,2025-08-26_031029_2006_train
random_forest,edge,10,13,model.joblib,448.3193066256235,505.20712927449495,28.075714344306686,71.414,3.5115,2025-08-26_031303_3158_train
random_forest,edge,10,16,model.joblib,553.0944416888667,607.8887928184122,28.393052019981404,59.903999999999996,4.3614,2025-08-26_031612_1125_train
random_forest,edge,13,1,model.joblib,32.17130532467976,97.14416298579341,25.65306536521458,54.76595744680852,0.2658,2025-08-26_031942_3275_train
random_forest,edge,13,4,model.joblib,134.54483814395797,199.68229976106198,26.93143235172216,53.57021276595744,1.0566,2025-08-26_032109_5826_train
random_forest,edge,13,7,model.joblib,242.59771717934993,304.72593975471375,27.97580031946356,69.76595744680854,1.8666,2025-08-26_032303_4954_train
random_forest,edge,13,10,model.joblib,340.0853292449661,406.10653666799215,28.22393850907037,65.61063829787231,2.7248,2025-08-26_032532_5955_train
random_forest,edge,13,13,model.joblib,452.7142632489457,518.2720964150304,28.258466135168714,53.800000000000026,3.5792,2025-08-26_032827_3134_train
random_forest,edge,13,16,model.joblib,556.6204003179851,622.2675172067148,28.346315736656557,68.62127659574465,4.4277,2025-08-26_033150_6615_train
random_forest,edge,16,1,model.joblib,32.211857750405365,105.89694518553597,25.838616452169347,54.400000000000006,0.2647,2025-08-26_033549_2242_train
random_forest,edge,16,4,model.joblib,135.85602802895872,211.12229351208293,26.94568184580428,49.23409090909092,1.0841,2025-08-26_033721_8666_train
random_forest,edge,16,7,model.joblib,243.8070059613173,318.59666822922674,27.49869182793291,49.16818181818181,1.9472,2025-08-26_033923_2927_train
random_forest,edge,16,10,model.joblib,347.2347582343879,420.29934867010024,28.037542971328765,70.52499999999999,2.8049,2025-08-26_034158_8435_train
random_forest,edge,16,13,model.joblib,452.1842320276381,526.5838938225485,28.17089403681557,60.89772727272728,3.6562,2025-08-26_034519_1862_train
random_forest,edge,16,16,model.joblib,555.2583222418243,629.7787569399754,28.257811386528864,72.7068181818182,4.5051,2025-08-26_034910_9840_train
xgboost,edge,1,1,model.json,2.2268178712190725,33.142860142229935,27.171768136260006,71.26610169491526,0.3301,2025-08-26_035357_4907_train
xgboost,edge,1,4,model.joblib,6.873700550982098,37.379358058511166,31.90382857431071,57.79661016949152,0.2175,2025-08-26_035515_7368_train
xgboost,edge,1,7,model.joblib,11.25577365947433,42.61442041024561,35.68842547176756,53.9,0.3842,2025-08-26_035639_6057_train
xgboost,edge,1,10,model.joblib,14.878749566409558,45.21173839773031,38.726454680884736,52.79830508474578,0.5521,2025-08-26_035758_3943_train
xgboost,edge,1,13,model.joblib,18.477304878740945,49.21910989540229,41.35602252940675,52.80000000000001,0.7107,2025-08-26_035917_3209_train
xgboost,edge,1,16,model.joblib,22.457480101428626,53.39603408208208,43.873296371593,51.576271186440685,0.8737,2025-08-26_040037_8500_train
xgboost,edge,4,1,model.json,2.3627819832075234,41.93735421618575,27.24738259285399,50.0,0.3425,2025-08-26_040158_4965_train
xgboost,edge,4,4,model.joblib,6.397431741722556,45.692146942850954,30.15659378131705,50.473214285714285,0.2374,2025-08-26_040312_9362_train
xgboost,edge,4,7,model.joblib,10.837360619651948,50.488223508831865,33.16751320913288,51.300000000000004,0.4268,2025-08-26_040428_7367_train
xgboost,edge,4,10,model.joblib,15.04931124350559,53.563064666897276,36.36661827484319,51.5,0.6158,2025-08-26_040546_3042_train
xgboost,edge,4,13,model.joblib,17.843929830599876,57.14100200982227,39.18329630377514,52.0,0.7996,2025-08-26_040708_2448_train
xgboost,edge,4,16,model.joblib,22.78272190385239,61.97450854233462,41.470564901817234,49.982142857142854,0.986,2025-08-26_040831_7875_train
xgboost,edge,7,1,model.json,2.4317542959648946,49.64936684096615,26.132666348717255,47.599999999999994,0.347,2025-08-26_040957_3301_train
xgboost,edge,7,4,model.joblib,6.590282822099392,53.78915304493786,29.643000745339037,48.16037735849056,0.2465,2025-08-26_041111_9991_train
xgboost,edge,7,7,model.joblib,10.417059345994666,57.674374141431606,31.663825346746137,48.80000000000002,0.434,2025-08-26_041229_6560_train
xgboost,edge,7,10,model.joblib,14.062452618068468,60.67679076947548,34.624803335986186,48.69999999999998,0.6309,2025-08-26_041348_9536_train
xgboost,edge,7,13,model.joblib,17.554122932219403,64.13869752618919,37.10598260497681,49.30000000000002,0.8197,2025-08-26_041510_2836_train
xgboost,edge,7,16,model.joblib,21.70208250082881,68.61911660921317,39.3323527577786,49.596226415094335,1.0,2025-08-26_041635_2355_train
xgboost,edge,10,1,model.json,1.7111887300044388,56.93586315494027,25.744632137518106,47.80000000000001,0.3678,2025-08-26_041803_4397_train
xgboost,edge,10,4,model.joblib,6.158440521138908,61.22620273847129,28.518814328050965,47.9,0.2548,2025-08-26_041918_1018_train
xgboost,edge,10,7,model.joblib,10.275489280038292,68.16155824344601,30.517584751119916,48.61999999999999,0.4516,2025-08-26_042035_9239_train
xgboost,edge,10,10,model.joblib,14.599912795143105,70.19693120848382,34.325048146006246,49.115999999999985,0.6509,2025-08-26_042156_2518_train
xgboost,edge,10,13,model.joblib,17.326980011955772,73.09348764829333,35.83407224185894,49.30000000000001,0.8333,2025-08-26_042321_6064_train
xgboost,edge,10,16,model.joblib,21.17065752248218,76.33986668661231,37.675761353469845,50.30000000000001,1.0229,2025-08-26_042448_8947_train
xgboost,edge,13,1,model.json,2.1605903343499544,73.28924778452576,24.300763886550598,47.90000000000001,0.3701,2025-08-26_042618_4641_train
xgboost,edge,13,4,model.joblib,5.722749720165532,69.07377741299565,28.21539093812003,48.80000000000002,0.2631,2025-08-26_042734_6197_train
xgboost,edge,13,7,model.joblib,10.223606793695767,73.76630661731701,30.117507126148965,49.24468085106381,0.4637,2025-08-26_042855_5628_train
xgboost,edge,13,10,model.joblib,13.962035522917638,78.74912624445523,32.90319260251159,49.5,0.6581,2025-08-26_043018_7391_train
xgboost,edge,13,13,model.joblib,17.256409101917,82.47460683490681,34.98786253987836,49.80000000000002,0.8512,2025-08-26_043145_5691_train
xgboost,edge,13,16,model.joblib,21.6400422783487,85.64115304777276,36.4948554343129,50.300000000000026,1.0467,2025-08-26_043315_4997_train
xgboost,edge,16,1,model.json,1.8573231875982532,74.86094243887976,25.87851141988372,48.145454545454534,0.3747,2025-08-26_043449_6346_train
xgboost,edge,16,4,model.joblib,6.170744341689788,78.72075976973227,28.11534972213786,48.988636363636374,0.2668,2025-08-26_043605_7250_train
xgboost,edge,16,7,model.joblib,10.218503078185837,83.24654904109507,30.746961263615734,48.900000000000006,0.4632,2025-08-26_043725_6715_train
xgboost,edge,16,10,model.joblib,13.489663736288232,86.44073267086321,32.05781169909273,49.599999999999994,0.6665,2025-08-26_043849_2561_train
xgboost,edge,16,13,model.joblib,17.637350174143517,90.05105311305005,33.848430053043984,50.0,0.8632,2025-08-26_044018_7905_train
xgboost,edge,16,16,model.joblib,21.991134420860252,95.58886737795542,35.64490222139536,50.5340909090909,1.0658,2025-08-26_044151_1189_train
