date,true_value,inference_time_s,total_time_s,cpu_percent,ram_mb,ram_percent,pred_h1,pred_h2,pred_h3,pred_h4,pred_h5,pred_h6,pred_h7,pred_h8,pred_h9,pred_h10
2025-08-26T04:39:32.174000,0.0,,0.39375381311401725,7.618973836150078,389.12,49.6,0.39105573296546936,0.34903115034103394,0.06451061367988586,-0.14784365892410278,0.1402568817138672,0.022974446415901184,0.030211316421628,-0.07589419931173325,0.2927003800868988,0.22261397540569305
2025-08-26T04:39:33.174000,0.0,0.024935543769970536,0.0784671229775995,35.046525164240386,389.12,49.6,0.39105573296546936,0.34903115034103394,0.06451061367988586,-0.14784365892410278,0.1402568817138672,0.022974446415901184,0.030211316421628,-0.07589419931173325,0.2927003800868988,0.22261397540569305
2025-08-26T04:39:34.185000,0.0,0.014020129106938839,0.07664935011416674,32.616062579478125,389.12,49.6,0.39105573296546936,0.34903115034103394,0.06451061367988586,-0.14784365892410278,0.1402568817138672,0.022974446415901184,0.030211316421628,-0.07589419931173325,0.2927003800868988,0.22261397540569305
2025-08-26T04:39:35.184000,0.0,0.013423907803371549,0.08003306295722723,34.36079912960143,389.12,49.6,0.39105573296546936,0.34903115034103394,0.06451061367988586,-0.14784365892410278,0.1402568817138672,0.022974446415901184,0.030211316421628,-0.07589419931173325,0.2927003800868988,0.22261397540569305
2025-08-26T04:39:36.186000,0.0,0.01781004504300654,0.08131529996171594,33.81897381298124,389.12,49.6,0.39105573296546936,0.34903115034103394,0.06451061367988586,-0.14784365892410278,0.1402568817138672,0.022974446415901184,0.030211316421628,-0.07589419931173325,0.2927003800868988,0.22261397540569305
2025-08-26T04:39:37.165000,0.0,0.012449929025024176,0.08089444995857775,33.99491561421249,389.12,49.6,0.39105573296546936,0.34903115034103394,0.06451061367988586,-0.14784365892410278,0.1402568817138672,0.022974446415901184,0.030211316421628,-0.07589419931173325,0.2927003800868988,0.22261397540569305
2025-08-26T04:39:38.165000,0.0,0.01282068807631731,0.08044065395370126,31.078812480054495,389.12,49.6,0.39105573296546936,0.34903115034103394,0.06451061367988586,-0.14784365892410278,0.1402568817138672,0.022974446415901184,0.030211316421628,-0.07589419931173325,0.2927003800868988,0.22261397540569305
2025-08-26T04:39:39.164000,0.0,0.01264781691133976,0.08118719002231956,30.79303519819696,389.12,49.6,0.39105573296546936,0.34903115034103394,0.06451061367988586,-0.14784365892410278,0.1402568817138672,0.022974446415901184,0.030211316421628,-0.07589419931173325,0.2927003800868988,0.22261397540569305
2025-08-26T04:39:40.164000,0.0,0.012653059093281627,0.0807029870338738,34.07556648238704,389.12,49.6,0.39105573296546936,0.34903115034103394,0.06451061367988586,-0.14784365892410278,0.1402568817138672,0.022974446415901184,0.030211316421628,-0.07589419931173325,0.2927003800868988,0.22261397540569305
2025-08-26T04:39:41.165000,0.0,0.012578522088006139,0.08055228390730917,31.035743230778156,389.12,49.6,0.39105573296546936,0.34903115034103394,0.06451061367988586,-0.14784365892410278,0.1402568817138672,0.022974446415901184,0.030211316421628,-0.07589419931173325,0.2927003800868988,0.22261397540569305
2025-08-26T04:39:42.166000,0.0,0.012494392925873399,0.07971835997886956,34.496444742828515,389.12,49.6,0.39105573296546936,0.34903115034103394,0.06451061367988586,-0.14784365892410278,0.1402568817138672,0.022974446415901184,0.030211316421628,-0.07589419931173325,0.2927003800868988,0.22261397540569305
2025-08-26T04:39:43.176000,0.0,0.012418132973834872,0.07890695380046964,31.6828857228691,389.12,49.6,0.39105573296546936,0.34903115034103394,0.06451061367988586,-0.14784365892410278,0.1402568817138672,0.022974446415901184,0.030211316421628,-0.07589419931173325,0.2927003800868988,0.22261397540569305
2025-08-26T04:39:44.185000,0.0,0.015134385088458657,0.0778031989466399,32.13235488831934,389.12,49.6,0.39105573296546936,0.34903115034103394,0.06451061367988586,-0.14784365892410278,0.1402568817138672,0.022974446415901184,0.030211316421628,-0.07589419931173325,0.2927003800868988,0.22261397540569305
2025-08-26T04:39:45.185000,0.0,0.014399832114577293,0.07936506508849561,31.500005666377,389.12,49.6,0.39105573296546936,0.34903115034103394,0.06451061367988586,-0.14784365892410278,0.1402568817138672,0.022974446415901184,0.030211316421628,-0.07589419931173325,0.2927003800868988,0.22261397540569305
2025-08-26T04:39:46.186000,0.0,0.015008294023573399,0.0761291109956801,32.83894908666216,389.12,49.6,0.39105573296546936,0.34903115034103394,0.06451061367988586,-0.14784365892410278,0.1402568817138672,0.022974446415901184,0.030211316421628,-0.07589419931173325,0.2927003800868988,0.22261397540569305
2025-08-26T04:39:47.197000,0.0,0.012459004065021873,0.08078654296696186,30.945747994469585,389.12,49.6,0.39105573296546936,0.34903115034103394,0.06451061367988586,-0.14784365892410278,0.1402568817138672,0.022974446415901184,0.030211316421628,-0.07589419931173325,0.2927003800868988,0.22261397540569305
2025-08-26T04:39:48.196000,0.0,0.013442575000226498,0.07940412010066211,34.632963585690554,389.12,49.6,0.39105573296546936,0.34903115034103394,0.06451061367988586,-0.14784365892410278,0.1402568817138672,0.022974446415901184,0.030211316421628,-0.07589419931173325,0.2927003800868988,0.22261397540569305
2025-08-26T04:39:49.176000,0.0,0.012488281121477485,0.08081643097102642,30.93430345737877,389.12,49.6,0.39105573296546936,0.34903115034103394,0.06451061367988586,-0.14784365892410278,0.1402568817138672,0.022974446415901184,0.030211316421628,-0.07589419931173325,0.2927003800868988,0.22261397540569305
2025-08-26T04:39:50.166000,0.0,0.01248083682730794,0.08128887508064508,33.82996747429171,389.12,49.6,0.39105573296546936,0.34903115034103394,0.06451061367988586,-0.14784365892410278,0.1402568817138672,0.022974446415901184,0.030211316421628,-0.07589419931173325,0.2927003800868988,0.22261397540569305
2025-08-26T04:39:51.166000,0.0,0.01243304111994803,0.08065733895637095,30.995319611924366,389.12,49.6,0.39105573296546936,0.34903115034103394,0.06451061367988586,-0.14784365892410278,0.1402568817138672,0.022974446415901184,0.030211316421628,-0.07589419931173325,0.2927003800868988,0.22261397540569305
2025-08-26T04:39:52.165000,0.0,0.012410245137289166,0.0807802639901638,34.04296871739413,389.12,49.6,0.39105573296546936,0.34903115034103394,0.06451061367988586,-0.14784365892410278,0.1402568817138672,0.022974446415901184,0.030211316421628,-0.07589419931173325,0.2927003800868988,0.22261397540569305
2025-08-26T04:39:53.166000,0.0,0.012448596069589257,0.07885384396649897,31.704224857600032,389.12,49.6,0.39105573296546936,0.34903115034103394,0.06451061367988586,-0.14784365892410278,0.1402568817138672,0.022974446415901184,0.030211316421628,-0.07589419931173325,0.2927003800868988,0.22261397540569305
2025-08-26T04:39:54.176000,0.0,0.012376245111227036,0.07872577104717493,31.755802029578263,389.12,49.6,0.39105573296546936,0.34903115034103394,0.06451061367988586,-0.14784365892410278,0.1402568817138672,0.022974446415901184,0.030211316421628,-0.07589419931173325,0.2927003800868988,0.22261397540569305
2025-08-26T04:39:55.176000,0.0,0.012508189072832465,0.07835047482512891,31.907911286814304,389.12,49.6,0.39105573296546936,0.34903115034103394,0.06451061367988586,-0.14784365892410278,0.1402568817138672,0.022974446415901184,0.030211316421628,-0.07589419931173325,0.2927003800868988,0.22261397540569305
2025-08-26T04:39:56.177000,0.0,0.01336714904755354,0.08160650404170156,33.69829442264503,389.12,49.6,0.39105573296546936,0.34903115034103394,0.06451061367988586,-0.14784365892410278,0.1402568817138672,0.022974446415901184,0.030211316421628,-0.07589419931173325,0.2927003800868988,0.22261397540569305
2025-08-26T04:39:57.167000,0.0,0.012548725819215178,0.08104854193516076,30.845712215279075,389.12,49.6,0.39105573296546936,0.34903115034103394,0.06451061367988586,-0.14784365892410278,0.1402568817138672,0.022974446415901184,0.030211316421628,-0.07589419931173325,0.2927003800868988,0.22261397540569305
2025-08-26T04:39:58.167000,0.0,0.012489652028307319,0.08070680196397007,30.976323422108965,389.12,49.6,0.39105573296546936,0.34903115034103394,0.06451061367988586,-0.14784365892410278,0.1402568817138672,0.022974446415901184,0.030211316421628,-0.07589419931173325,0.2927003800868988,0.22261397540569305
2025-08-26T04:39:59.166000,0.0,0.012496819021180272,0.07837417908012867,31.898260745340394,389.12,49.6,0.39105573296546936,0.34903115034103394,0.06451061367988586,-0.14784365892410278,0.1402568817138672,0.022974446415901184,0.030211316421628,-0.07589419931173325,0.2927003800868988,0.22261397540569305
2025-08-26T04:40:00.187000,0.0,0.014032999984920025,0.077863346086815,32.107533591127975,389.12,49.6,0.39105573296546936,0.34903115034103394,0.06451061367988586,-0.14784365892410278,0.1402568817138672,0.022974446415901184,0.030211316421628,-0.07589419931173325,0.2927003800868988,0.22261397540569305
2025-08-26T04:40:01.187000,0.0,0.013887350913137197,0.0757167600095272,36.31956781634557,389.12,49.6,0.39105573296546936,0.34903115034103394,0.06451061367988586,-0.14784365892410278,0.1402568817138672,0.022974446415901184,0.030211316421628,-0.07589419931173325,0.2927003800868988,0.22261397540569305
2025-08-26T04:40:02.197000,0.0,0.012471023015677929,0.07796917902305722,35.27034700707506,389.12,49.6,0.39105573296546936,0.34903115034103394,0.06451061367988586,-0.14784365892410278,0.1402568817138672,0.022974446415901184,0.030211316421628,-0.07589419931173325,0.2927003800868988,0.22261397540569305
2025-08-26T04:40:03.197000,0.0,0.013924480881541967,0.07680823793634772,29.29373281371992,389.12,49.6,0.39105573296546936,0.34903115034103394,0.06451061367988586,-0.14784365892410278,0.1402568817138672,0.022974446415901184,0.030211316421628,-0.07589419931173325,0.2927003800868988,0.22261397540569305
2025-08-26T04:40:04.198000,0.0,0.013892426155507565,0.08080622809939086,30.93820932867911,389.12,49.6,0.39105573296546936,0.34903115034103394,0.06451061367988586,-0.14784365892410278,0.1402568817138672,0.022974446415901184,0.030211316421628,-0.07589419931173325,0.2927003800868988,0.22261397540569305
2025-08-26T04:40:05.168000,0.0,0.012381207896396518,0.07867132592946291,31.777778885302478,389.12,49.6,0.39105573296546936,0.34903115034103394,0.06451061367988586,-0.14784365892410278,0.1402568817138672,0.022974446415901184,0.030211316421628,-0.07589419931173325,0.2927003800868988,0.22261397540569305
2025-08-26T04:40:06.177000,0.0,0.012467300053685904,0.07701614499092102,32.46072625804183,389.12,49.6,0.39105573296546936,0.34903115034103394,0.06451061367988586,-0.14784365892410278,0.1402568817138672,0.022974446415901184,0.030211316421628,-0.07589419931173325,0.2927003800868988,0.22261397540569305
2025-08-26T04:40:07.187000,0.0,0.013924092054367065,0.07698699692264199,29.225714600362036,389.12,49.6,0.39105573296546936,0.34903115034103394,0.06451061367988586,-0.14784365892410278,0.1402568817138672,0.022974446415901184,0.030211316421628,-0.07589419931173325,0.2927003800868988,0.22261397540569305
2025-08-26T04:40:08.186000,0.0,0.014086333103477955,0.07752664387226105,32.2469782661975,389.12,49.6,0.39105573296546936,0.34903115034103394,0.06451061367988586,-0.14784365892410278,0.1402568817138672,0.022974446415901184,0.030211316421628,-0.07589419931173325,0.2927003800868988,0.22261397540569305
2025-08-26T04:40:09.197000,0.0,0.013997721020132303,0.07805854990147054,35.2299652436687,389.12,49.6,0.39105573296546936,0.34903115034103394,0.06451061367988586,-0.14784365892410278,0.1402568817138672,0.022974446415901184,0.030211316421628,-0.07589419931173325,0.2927003800868988,0.22261397540569305
2025-08-26T04:40:10.187000,0.0,0.014027295866981149,0.07656733202748,32.65100054815526,389.12,49.6,0.39105573296546936,0.34903115034103394,0.06451061367988586,-0.14784365892410278,0.1402568817138672,0.022974446415901184,0.030211316421628,-0.07589419931173325,0.2927003800868988,0.22261397540569305
2025-08-26T04:40:11.197000,0.0,0.012492818059399724,0.07763879094272852,32.20039840450632,389.12,49.6,0.39105573296546936,0.34903115034103394,0.06451061367988586,-0.14784365892410278,0.1402568817138672,0.022974446415901184,0.030211316421628,-0.07589419931173325,0.2927003800868988,0.22261397540569305
2025-08-26T04:40:12.197000,0.0,0.014306351076811552,0.08176503889262676,33.63295654529395,389.12,49.6,0.39105573296546936,0.34903115034103394,0.06451061367988586,-0.14784365892410278,0.1402568817138672,0.022974446415901184,0.030211316421628,-0.07589419931173325,0.2927003800868988,0.22261397540569305
2025-08-26T04:40:13.167000,0.0,0.012525207130238414,0.08153261500410736,36.79509114050623,389.12,49.6,0.39105573296546936,0.34903115034103394,0.06451061367988586,-0.14784365892410278,0.1402568817138672,0.022974446415901184,0.030211316421628,-0.07589419931173325,0.2927003800868988,0.22261397540569305
2025-08-26T04:40:14.168000,0.0,0.012405337067320943,0.07986450800672174,31.30301635101321,389.12,49.6,0.39105573296546936,0.34903115034103394,0.06451061367988586,-0.14784365892410278,0.1402568817138672,0.022974446415901184,0.030211316421628,-0.07589419931173325,0.2927003800868988,0.22261397540569305
2025-08-26T04:40:15.180000,0.0,0.012489558896049857,0.08128194813616574,33.83285050443317,389.12,49.6,0.39105573296546936,0.34903115034103394,0.06451061367988586,-0.14784365892410278,0.1402568817138672,0.022974446415901184,0.030211316421628,-0.07589419931173325,0.2927003800868988,0.22261397540569305
